NO_OUVRAGE,DATE,SURVERSE
3260-01D,2013-05-11,1
3260-01D,2013-05-29,1
3260-01D,2013-06-02,1
3260-01D,2013-06-11,1
3260-01D,2013-06-28,1
3260-01D,2013-07-17,1
3260-01D,2013-07-19,1
3260-01D,2013-08-13,1
3260-01D,2013-09-02,1
3260-01D,2013-09-12,1
3260-01D,2013-10-07,1
3260-01D,2013-10-17,1
3260-01D,2013-10-20,1
3260-01D,2014-05-01,1
3260-01D,2014-05-10,1
3260-01D,2014-05-17,1
3260-01D,2014-05-27,1
3260-01D,2014-06-03,1
3260-01D,2014-06-12,1
3260-01D,2014-06-13,1
3260-01D,2014-06-14,1
3260-01D,2014-06-18,1
3260-01D,2014-06-24,1
3260-01D,2014-06-25,1
3260-01D,2014-07-28,1
3260-01D,2014-07-31,1
3260-01D,2014-08-13,1
3260-01D,2014-09-13,1
3260-01D,2014-10-04,1
3260-01D,2014-10-08,1
3260-01D,2015-05-11,1
3260-01D,2015-05-12,1
3260-01D,2015-05-25,1
3260-01D,2015-05-30,1
3260-01D,2015-06-05,1
3260-01D,2015-06-08,1
3260-01D,2015-06-12,1
3260-01D,2015-06-13,1
3260-01D,2015-06-16,1
3260-01D,2015-07-01,1
3260-01D,2015-07-07,1
3260-01D,2015-07-27,1
3260-01D,2015-08-11,1
3260-01D,2015-08-21,1
3260-01D,2015-09-07,1
3260-01D,2015-09-08,1
3260-01D,2015-09-13,1
3260-01D,2015-09-14,1
3260-01D,2015-09-29,1
3260-01D,2015-10-17,1
3260-01D,2015-10-25,1
3260-01D,2015-10-28,1
3260-01D,2015-10-29,1
3260-01D,2016-05-08,1
3260-01D,2016-06-05,1
3260-01D,2016-06-28,1
3260-01D,2016-06-29,1
3260-01D,2016-07-09,1
3260-01D,2016-08-13,1
3260-01D,2016-08-14,1
3260-01D,2016-08-16,1
3260-01D,2016-08-17,1
3260-01D,2016-08-21,1
3260-01D,2016-10-08,1
3260-01D,2016-10-13,1
3260-01D,2016-10-20,1
3260-01D,2016-10-21,1
3260-01D,2016-10-22,1
3260-01D,2016-10-23,1
3260-01D,2016-10-28,1
3260-01D,2017-06-05,1
3260-01D,2017-06-06,1
3260-01D,2017-06-12,1
3260-01D,2017-06-16,1
3260-01D,2017-06-20,1
3260-01D,2017-07-08,1
3260-01D,2017-08-18,1
3260-01D,2017-08-22,1
3260-01D,2017-09-03,1
3260-01D,2017-09-07,1
3260-01D,2017-10-04,1
3260-01D,2017-10-09,1
3260-01D,2017-10-24,1
3260-01D,2017-10-29,1
3260-01D,2017-10-30,1
3260-01D,2018-05-03,1
3260-01D,2018-06-04,1
3260-01D,2018-06-18,1
3260-01D,2018-07-17,1
3260-01D,2018-07-25,1
3260-01D,2018-09-02,1
3260-01D,2018-09-03,1
3260-01D,2018-09-11,1
3260-01D,2018-09-21,1
